a,b,t_star_intercept,slope_log10,intercept_log10,M_at_0p4,M_at_0p5,M_at_t_star,m_star_old_M_at_10t_star
0.1,10.0,0.0802525066934672,-2.5277885460055898,0.2028613672079833,0.15550556975690483,0.08688945920455589,0.9137892939080231,0.014938297162533122
0.1,100.0,0.08036062897083106,-2.530191123047611,0.20332775006451942,0.15532855455712632,0.08674255068686645,0.9134281463506966,0.01479159624805409
1.0,10.0,0.07931842870483992,-2.5051522155565027,0.1987047374043902,0.15726926285295262,0.08833414903430314,0.9169630442094426,0.016309126998206733
1.0,100.0,0.08038580540116037,-2.5288701573912027,0.20328526435685101,0.15550243765043134,0.08686607241641225,0.9134244798160975,0.014804613732329757
10.0,10.0,0.07117758927139757,-2.3051955767691252,0.1640782639535152,0.1745822286565697,0.10267872697002911,0.9425138315401991,0.03361848231469194
10.0,100.0,0.08063652966048966,-2.5157133621830736,0.20285839514696558,0.15724362610299258,0.08810523503019861,0.9133882642645378,0.014936075997297668
100.0,0.1,-0.3009268213337049,-0.44138144021181613,-0.13282351379863455,0.4904829442786079,0.44308369228237143,,
100.0,1.0,-0.20114701561452858,-0.5515612677869198,-0.11094490294390474,0.46604793707201,0.4104634235705654,,
100.0,10.0,0.03842791306087346,-1.3731016605380388,0.05276543123489674,0.31880473790208014,0.23238848301341553,0.9971760658758233,0.3351858421860182
100.0,100.0,0.08303928584018168,-2.389296238794341,0.19840545333011428,0.1748585842619185,0.10086891141932994,0.9130923756912681,0.01637878704361608
