a,b,t_star_first_root,t_star_kappa_criterion
0.1,0.1,0.2656049430545099,
0.1,1.0,0.27184209399694886,
0.1,10.0,0.35889481298157616,0.3338427958584407
0.1,100.0,,0.3674402559964691
1.0,0.1,0.19166183319659236,
1.0,1.0,0.19590928327131038,
1.0,10.0,0.2573025545492514,0.7658957357081757
1.0,100.0,,0.36852518806560336
10.0,0.1,0.12597351820774738,
10.0,1.0,0.1283783104514273,
10.0,10.0,0.1646872769774674,0.7348294352844249
10.0,100.0,,0.3796804759595862
100.0,0.1,0.08314698743093993,
100.0,1.0,0.0841775558717637,
100.0,10.0,0.09814816224011745,
100.0,100.0,,0.5066356925877281
