grid,fit_slope,total_mass_at_t1,total_mass_at_t2,cross_check_via_t_star,agreement_pct,source
48,-0.36905609358859925,0.744220123091384,0.6835901550311688,-0.3690534285828703,0.0007221140025128318,reconstructed-from-log
64,-0.5270382371611921,0.6582292049498902,0.5830064021199827,-0.5270388336624199,0.00011317987684504808,reconstructed-from-log
80,-0.6669892727042116,0.5911283383256414,0.5069706907290327,-0.6669899090272602,9.540229125519591e-05,reconstructed-from-log
96,-0.790102655518208,0.5382624579082576,0.44872867668256566,-0.7901026541101894,1.7820704446134142e-07,reconstructed-from-log
112,-0.8985293734040392,0.49596450062952946,0.40327161549108004,-0.8985291512212716,2.4727379437333196e-05,reconstructed-from-log
128,-0.9944248138027519,0.4615697762626515,0.3671088733829443,-0.9944248138027519,0.0,reconstructed-from-log
144,-1.079686039912702,0.4331710866333688,0.3378242774685225,-1.079686039912702,0.0,reconstructed-from-log
160,-1.1559103968380104,0.4093955000173886,0.31372709275919713,-1.1559103992520994,2.0884741026321045e-07,reconstructed-from-log
176,-1.2244220120609208,0.3892416299310563,0.29361421746172855,-1.2244215271356322,3.960442427644465e-05,reconstructed-from-log
192,-1.2863146465890698,0.3719677260696929,0.276613769598059,,,solver
