a,b,T,tau,t_star,M_at_t_star
0.1,0.1,4.0,0.01,3.858024986985889,7.493934976706288e-09
0.1,1.0,4.0,0.01,3.0478066081122805,1.477544325039499e-07
0.1,10.0,1.0,0.01,0.6657946938662117,0.030300146680881955
0.1,100.0,1.0,0.01,0.4171570463717273,0.13177829336488092
1.0,0.1,4.0,0.01,3.600050250366838,4.128737996505042e-06
1.0,1.0,4.0,0.01,2.9705497255170834,1.1209547015203859e-05
1.0,10.0,1.0,0.01,0.8945533774180723,0.009676743798723079
1.0,100.0,1.0,0.01,0.4182112338535331,0.13186411882979795
10.0,0.1,4.0,0.01,2.244214550552881,0.024251401318866994
10.0,1.0,4.0,0.01,2.061840116200476,0.019068304725388355
10.0,10.0,1.0,0.01,0.7557018262430786,0.06044444694143673
10.0,100.0,1.0,0.01,0.4287531086715912,0.13274594598264525
100.0,0.1,1.0,0.01,0.9474133497200492,0.6373781421595325
100.0,1.0,1.0,0.01,0.934913698150066,0.6086534430914942
100.0,10.0,1.0,0.01,0.7032936485761612,0.45590965515231685
100.0,100.0,1.0,0.01,0.5450149280936033,0.13625743623468345
