a,b,t_star,m_star,M_at_T,fit_slope_log10,tau
0.1,0.1,,,0.00503745238299232,,0.01
0.1,1.0,,,0.004935917314721704,,0.01
0.1,10.0,0.40539992765103194,0.15069417121241338,0.004733537269114821,-2.527587294362273,0.01
0.1,100.0,0.4252720356565497,0.13406373846286332,0.004710622073101085,-2.530306789212317,0.01
1.0,0.1,,,0.007985117632055972,,0.01
1.0,1.0,,,0.006979926220907273,,0.01
1.0,10.0,0.7496646507106999,0.02095559309004784,0.004955817862480373,-2.5013696835805237,0.01
1.0,100.0,0.42545842418397656,0.13407854308215675,0.0047245062628113906,-2.5289864554051897,0.01
10.0,0.1,,,0.036701698239196195,,0.01
10.0,1.0,,,0.02758397502776906,,0.01
10.0,10.0,0.8761477427393171,0.014168185163893923,0.007390508549951787,-2.2820677891783068,0.01
10.0,100.0,0.4273317218464756,0.13422012867833433,0.004865003127116107,-2.51583617137239,0.01
100.0,0.1,,,0.2554870793931513,,0.01
100.0,1.0,,,0.21343796418093108,,0.01
100.0,10.0,0.7289984160241129,0.11337885918880632,0.04856139533007851,-1.3587955134716079,0.01
100.0,100.0,0.4471438694528959,0.13491246784805416,0.006441748763020061,-2.3895071548195927,0.01
