a,b,degree,max_residual,max_residual_t_ge_0p02,reached_tol
0.1,0.1,140,3.8768988019910466e-13,7.460698725481052e-14,False
0.1,1.0,120,7.590594819362195e-13,1.1152304123587808e-13,False
0.1,10.0,140,2.502442697505103e-13,8.970602038971265e-14,False
0.1,100.0,160,3.042011087472929e-14,3.019806626980426e-14,False
1.0,0.1,120,6.621370118864434e-13,1.1102680190153147e-13,False
1.0,1.0,120,7.371880883511039e-13,1.1288924439342707e-13,False
1.0,10.0,140,4.0190073491430667e-13,8.348877145181177e-14,False
1.0,100.0,120,6.687983500341943e-13,1.1725418812974508e-13,False
10.0,0.1,140,2.6190161150907443e-13,3.352873534367973e-14,False
10.0,1.0,140,7.194245199571014e-14,3.597122599785507e-14,False
10.0,10.0,140,3.5016434196677437e-13,6.306066779870889e-14,False
10.0,100.0,140,3.8613556796462944e-13,8.704148513061227e-14,False
100.0,0.1,140,6.669664820435628e-14,9.325873406851315e-15,False
100.0,1.0,140,5.828670879282072e-14,9.325873406851315e-15,False
100.0,10.0,120,2.419175970658216e-13,9.8981966286521e-14,False
100.0,100.0,120,3.97237798210881e-13,1.0860282399945131e-13,False
