a,b,t_star,m_star,M_at_T,kappa_at_T,hold_ge_0p1,tau
0.1,0.1,0.9973145784526105,0.005113977478050836,0.00503745238299232,0.009905975105793328,False,0.01
0.1,1.0,0.2770329635484471,0.3181265759995968,0.004935917314721704,0.004813453170073591,True,0.01
0.1,10.0,0.28329836044483214,0.3065954928823198,0.004733537269114821,3.6571550551608897e-06,True,0.01
0.1,100.0,0.28442610399762375,0.3044159755019439,0.004710622073101085,0.0,True,0.01
1.0,0.1,,,0.007985117632055972,0.02804311820779594,,0.01
1.0,1.0,,,0.006979926220907273,0.018222953290350327,,0.01
1.0,10.0,0.2743151073963355,0.3248166935149211,0.004955817862480373,2.9978822203650948e-05,True,0.01
1.0,100.0,0.2845701948791757,0.3043942037832536,0.0047245062628113906,0.0,True,0.01
10.0,0.1,,,0.036701698239196195,0.2614516495003845,,0.01
10.0,1.0,,,0.02758397502776906,0.1317279429480191,,0.01
10.0,10.0,0.49382373736418067,0.10609052524430841,0.007390508549951787,2.4587125902903568e-05,True,0.01
10.0,100.0,0.2860162165969437,0.3041702366681443,0.004865003127116107,2.6440316825440974e-09,True,0.01
100.0,0.1,,,0.2554870793931513,0.19351280036840912,,0.01
100.0,1.0,,,0.21343796418093108,0.11033560167568672,,0.01
100.0,10.0,0.5738594823315013,0.18428287101685165,0.04856139533007851,0.0004438781731804848,True,0.01
100.0,100.0,0.300988188808781,0.3013422346935248,0.006441748763020061,0.0,True,0.01
